{
    "Version": 1,
    "Name": "lunoV2",
    "ModelID": "df3da77dd5954a718be48bdf2be6ef26",
    "FileReferences": {
        "Icon": "",
        "Model": "lunoV2.model3.json",
        "IdleAnimation": "",
        "IdleAnimationWhenTrackingLost": ""
    },
    "ModelSaveMetadata": {
        "LastSavedVTubeStudioVersion": "1.28.1",
        "LastSavedPlatform": "Steam",
        "LastSavedDateUTC": "Monday, 12 February 2024, 07:27:16",
        "LastSavedDateLocalTime": "Monday, 12 February 2024, 15:27:16",
        "LastSavedDateUnixMillisecondTimestamp": "1707722836258"
    },
    "SavedModelPosition": {
        "Position": {
            "x": 3.165586471557617,
            "y": 10.986841201782227,
            "z": 0.0
        },
        "Rotation": {
            "x": 0.0,
            "y": 0.0,
            "z": 0.0,
            "w": 1.0
        },
        "Scale": {
            "x": 1.2429369688034058,
            "y": 1.2429369688034058,
            "z": 1.0
        }
    },
    "ModelPositionMovement": {
        "Use": true,
        "X": 6,
        "Y": 8,
        "Z": 11,
        "SmoothingX": 10,
        "SmoothingY": 10,
        "SmoothingZ": 10
    },
    "ItemSettings": {
        "OnlyMoveWhenPinned": false,
        "AllowNormalHotkeyTriggers": true,
        "Multiplier_HeadAngleX": 1.0,
        "Multiplier_HeadAngleY": 1.0,
        "Multiplier_HeadAngleZ": 1.0,
        "Shift_HeadAngleX": 0.0,
        "Shift_HeadAngleY": 0.0,
        "Smoothing_HeadAngleX": 15.0,
        "Smoothing_HeadAngleY": 15.0,
        "Smoothing_HeadAngleZ": 15.0
    },
    "PhysicsSettings": {
        "Use": true,
        "UseLegacyPhysics": false,
        "Live2DPhysicsFPS": 3,
        "PhysicsStrength": 50,
        "WindStrength": 0,
        "DraggingPhysicsStrength": 0
    },
    "GeneralSettings": {
        "TimeUntilTrackingLostIdleAnimation": 0.0,
        "WorkshopSharingForbidden": true,
        "EnableExpressionSaving": false
    },
    "ParameterSettings": [
        {
            "Folder": "",
            "Name": "Face Left/Right Rotation",
            "Input": "FaceAngleX",
            "InputRangeLower": -30.0,
            "InputRangeUpper": 30.0,
            "OutputRangeLower": -30.0,
            "OutputRangeUpper": 30.0,
            "ClampInput": false,
            "ClampOutput": false,
            "UseBlinking": false,
            "UseBreathing": false,
            "OutputLive2D": "ParamAngleX",
            "Smoothing": 15,
            "Minimized": false
        },
        {
            "Folder": "",
            "Name": "Face Up/Down Rotation",
            "Input": "FaceAngleY",
            "InputRangeLower": -20.0,
            "InputRangeUpper": 20.0,
            "OutputRangeLower": -30.0,
            "OutputRangeUpper": 30.0,
            "ClampInput": false,
            "ClampOutput": false,
            "UseBlinking": false,
            "UseBreathing": false,
            "OutputLive2D": "ParamAngleY",
            "Smoothing": 15,
            "Minimized": false
        },
        {
            "Folder": "",
            "Name": "Face Lean Rotation",
            "Input": "FaceAngleZ",
            "InputRangeLower": -30.0,
            "InputRangeUpper": 30.0,
            "OutputRangeLower": -30.0,
            "OutputRangeUpper": 30.0,
            "ClampInput": false,
            "ClampOutput": false,
            "UseBlinking": false,
            "UseBreathing": false,
            "OutputLive2D": "ParamAngleZ",
            "Smoothing": 30,
            "Minimized": false
        },
        {
            "Folder": "",
            "Name": "Eye Open Left",
            "Input": "EyeOpenLeft",
            "InputRangeLower": 0.0,
            "InputRangeUpper": 1.0,
            "OutputRangeLower": 0.0,
            "OutputRangeUpper": 1.899999976158142,
            "ClampInput": false,
            "ClampOutput": false,
            "UseBlinking": false,
            "UseBreathing": false,
            "OutputLive2D": "ParamEyeLOpen",
            "Smoothing": 10,
            "Minimized": false
        },
        {
            "Folder": "",
            "Name": "Eye Smile Left",
            "Input": "MouthSmile",
            "InputRangeLower": 0.0,
            "InputRangeUpper": 1.0,
            "OutputRangeLower": 0.0,
            "OutputRangeUpper": 1.0,
            "ClampInput": false,
            "ClampOutput": false,
            "UseBlinking": false,
            "UseBreathing": false,
            "OutputLive2D": "ParamEyeLSmile",
            "Smoothing": 10,
            "Minimized": false
        },
        {
            "Folder": "",
            "Name": "Eye Open Right",
            "Input": "EyeOpenRight",
            "InputRangeLower": 0.0,
            "InputRangeUpper": 1.0,
            "OutputRangeLower": 0.0,
            "OutputRangeUpper": 1.899999976158142,
            "ClampInput": false,
            "ClampOutput": false,
            "UseBlinking": false,
            "UseBreathing": false,
            "OutputLive2D": "ParamEyeROpen",
            "Smoothing": 10,
            "Minimized": false
        },
        {
            "Folder": "",
            "Name": "Eye Smile Right",
            "Input": "MouthSmile",
            "InputRangeLower": 0.0,
            "InputRangeUpper": 1.0,
            "OutputRangeLower": 0.0,
            "OutputRangeUpper": 1.0,
            "ClampInput": false,
            "ClampOutput": false,
            "UseBlinking": false,
            "UseBreathing": false,
            "OutputLive2D": "ParamEyeRSmile",
            "Smoothing": 10,
            "Minimized": false
        },
        {
            "Folder": "",
            "Name": "Eye X",
            "Input": "EyeRightX",
            "InputRangeLower": -1.0,
            "InputRangeUpper": 1.0,
            "OutputRangeLower": 1.0,
            "OutputRangeUpper": -1.0,
            "ClampInput": false,
            "ClampOutput": false,
            "UseBlinking": false,
            "UseBreathing": false,
            "OutputLive2D": "ParamEyeBallX",
            "Smoothing": 8,
            "Minimized": false
        },
        {
            "Folder": "",
            "Name": "Eye Y",
            "Input": "EyeRightY",
            "InputRangeLower": -1.0,
            "InputRangeUpper": 1.0,
            "OutputRangeLower": -1.0,
            "OutputRangeUpper": 1.0,
            "ClampInput": false,
            "ClampOutput": false,
            "UseBlinking": false,
            "UseBreathing": false,
            "OutputLive2D": "ParamEyeBallY",
            "Smoothing": 8,
            "Minimized": false
        },
        {
            "Folder": "",
            "Name": "Brow Height Left",
            "Input": "Brows",
            "InputRangeLower": 0.0,
            "InputRangeUpper": 1.0,
            "OutputRangeLower": -1.0,
            "OutputRangeUpper": 1.0,
            "ClampInput": false,
            "ClampOutput": false,
            "UseBlinking": false,
            "UseBreathing": false,
            "OutputLive2D": "ParamBrowLY",
            "Smoothing": 10,
            "Minimized": false
        },
        {
            "Folder": "",
            "Name": "Brow Height Right",
            "Input": "Brows",
            "InputRangeLower": 0.0,
            "InputRangeUpper": 1.0,
            "OutputRangeLower": -1.0,
            "OutputRangeUpper": 1.0,
            "ClampInput": false,
            "ClampOutput": false,
            "UseBlinking": false,
            "UseBreathing": false,
            "OutputLive2D": "ParamBrowRY",
            "Smoothing": 10,
            "Minimized": false
        },
        {
            "Folder": "",
            "Name": "Brow Form Left",
            "Input": "Brows",
            "InputRangeLower": 0.0,
            "InputRangeUpper": 1.0,
            "OutputRangeLower": -1.0,
            "OutputRangeUpper": 1.0,
            "ClampInput": false,
            "ClampOutput": false,
            "UseBlinking": false,
            "UseBreathing": false,
            "OutputLive2D": "ParamBrowLForm",
            "Smoothing": 15,
            "Minimized": false
        },
        {
            "Folder": "",
            "Name": "Brow Form Right",
            "Input": "Brows",
            "InputRangeLower": 0.0,
            "InputRangeUpper": 1.0,
            "OutputRangeLower": -1.0,
            "OutputRangeUpper": 1.0,
            "ClampInput": false,
            "ClampOutput": false,
            "UseBlinking": false,
            "UseBreathing": false,
            "OutputLive2D": "ParamBrowRForm",
            "Smoothing": 15,
            "Minimized": false
        },
        {
            "Folder": "",
            "Name": "Mouth Smile",
            "Input": "MouthSmile",
            "InputRangeLower": 0.0,
            "InputRangeUpper": 1.0,
            "OutputRangeLower": -1.0,
            "OutputRangeUpper": 1.0,
            "ClampInput": false,
            "ClampOutput": false,
            "UseBlinking": false,
            "UseBreathing": false,
            "OutputLive2D": "ParamMouthForm",
            "Smoothing": 0,
            "Minimized": false
        },
        {
            "Folder": "",
            "Name": "Mouth Open",
            "Input": "MouthOpen",
            "InputRangeLower": 0.0,
            "InputRangeUpper": 1.0,
            "OutputRangeLower": 0.0,
            "OutputRangeUpper": 2.0999999046325685,
            "ClampInput": false,
            "ClampOutput": false,
            "UseBlinking": false,
            "UseBreathing": false,
            "OutputLive2D": "ParamMouthOpenY",
            "Smoothing": 0,
            "Minimized": false
        },
        {
            "Folder": "",
            "Name": "Blush when smiling",
            "Input": "MouthSmile",
            "InputRangeLower": 0.0,
            "InputRangeUpper": 1.0,
            "OutputRangeLower": 0.5,
            "OutputRangeUpper": 1.0,
            "ClampInput": false,
            "ClampOutput": false,
            "UseBlinking": false,
            "UseBreathing": false,
            "OutputLive2D": "ParamCheek",
            "Smoothing": 45,
            "Minimized": false
        },
        {
            "Folder": "",
            "Name": "Body Rotation X",
            "Input": "FaceAngleX",
            "InputRangeLower": -30.0,
            "InputRangeUpper": 30.0,
            "OutputRangeLower": -10.0,
            "OutputRangeUpper": 10.0,
            "ClampInput": false,
            "ClampOutput": false,
            "UseBlinking": false,
            "UseBreathing": false,
            "OutputLive2D": "ParamBodyAngleX",
            "Smoothing": 20,
            "Minimized": false
        },
        {
            "Folder": "",
            "Name": "Body Rotation Y",
            "Input": "FaceAngleY",
            "InputRangeLower": -30.0,
            "InputRangeUpper": 30.0,
            "OutputRangeLower": -10.0,
            "OutputRangeUpper": 10.0,
            "ClampInput": false,
            "ClampOutput": false,
            "UseBlinking": false,
            "UseBreathing": false,
            "OutputLive2D": "ParamBodyAngleY",
            "Smoothing": 20,
            "Minimized": false
        },
        {
            "Folder": "",
            "Name": "Body Rotation Z",
            "Input": "FaceAngleZ",
            "InputRangeLower": -30.0,
            "InputRangeUpper": 30.0,
            "OutputRangeLower": -10.0,
            "OutputRangeUpper": 10.0,
            "ClampInput": false,
            "ClampOutput": false,
            "UseBlinking": false,
            "UseBreathing": false,
            "OutputLive2D": "ParamBodyAngleZ",
            "Smoothing": 20,
            "Minimized": false
        },
        {
            "Folder": "",
            "Name": "Auto Breath",
            "Input": "",
            "InputRangeLower": 0.0,
            "InputRangeUpper": 1.0,
            "OutputRangeLower": 0.0,
            "OutputRangeUpper": 1.0,
            "ClampInput": false,
            "ClampOutput": false,
            "UseBlinking": false,
            "UseBreathing": true,
            "OutputLive2D": "ParamBreath",
            "Smoothing": 0,
            "Minimized": false
        }
    ],
    "Hotkeys": [],
    "HotkeySettings": {
        "UseOnScreenHotkeys": false,
        "UseKeyboardHotkeys": true,
        "SendOnScreenHotkeysToPC": true,
        "OnScreenHotkeyAlpha": 75
    },
    "ArtMeshDetails": {
        "ArtMeshesExcludedFromPinning": [],
        "ArtMeshesThatDeleteItemsOnDrop": [],
        "ArtMeshSceneLightingMultipliers": [],
        "ArtMeshMultiplyAndScreenColors": []
    },
    "ParameterCustomization": {
        "ParametersExcludedFromVNetSmoothing": []
    },
    "PhysicsCustomizationSettings": {
        "PhysicsMultipliersPerPhysicsGroup": [],
        "WindMultipliersPerPhysicsGroup": [],
        "DraggingPhysicsMultipliersPerPhysicsGroup": []
    },
    "FolderInfo": {
        "HotkeyFolders": [],
        "ConfigItemFolders": []
    },
    "SavedActiveExpressions": []
}